id;categoria;palabra;archivo_imagen;descripcion_actual;descripcion_ocr;descripcion_corregida
LSP-000243;animales;araña;imagenes/animales/revisar_pagina_199_tarjeta_01.png;;Con los dedos semiflexionados y extendidos realizar movimientos de avance con el indice, medio, anular y mefiique.;Con los dedos semiflexionados y extendidos realizar movimientos de avance con el indice, medio, anular y mefiique.
LSP-000244;animales;buho;imagenes/animales/revisar_pagina_199_tarjeta_02.png;;BUHO} Kah WG SAIS ve ve ( cy ojos con movimientos suaves.;
LSP-000245;animales;burro;imagenes/animales/revisar_pagina_199_tarjeta_03.png;;A) Colocar la mano derecha en la sien con los dedos indice, medio, anular y mefique semiflexionados excepto el pulgar moviéndolos hacia adelante.;A) Colocar la mano derecha en la sien con los dedos indice, medio, anular y mefique semiflexionados excepto el pulgar moviéndolos hacia adelante.
LSP-000246;animales;caballo;imagenes/animales/revisar_pagina_199_tarjeta_04.png;;4 5} Con ambas manos con los dedos flexionados excepto el pulgar, a cada lado del tronco realizar movimientos circulares hacia adelante.;4 5} Con ambas manos con los dedos flexionados excepto el pulgar, a cada lado del tronco realizar movimientos circulares hacia adelante.
LSP-000247;animales;chancho;imagenes/animales/revisar_pagina_199_tarjeta_05.png;;awn — ‘ Vee Apoyar en las fosas nasales los dedos indice y mediojuntos y realizar un movimiento hacia arriba.;
LSP-000248;animales;cocodrilo;imagenes/animales/revisar_pagina_199_tarjeta_06.png;;COCODRILO Weg i> Va B B . a \ 2, Con ambas manos unidas ala altura de las muflecas y separadas a nivel de los dedos realizar movimientos de apertura y cierre.;
LSP-000249;animales;concha de mar;imagenes/animales/revisar_pagina_200_tarjeta_01.png;;<a rm a Noe boa ‘\ a @ : a ~ A v ‘O) ° o eas whe .7 id 1 See ae” -_ * ee Oy a ~S—~_ 7 sme 1. Colocar ambas manos con los dedos unidos, las mufiecas en contacto y la parte central separada. 2. Configurar la sefia de mar.;
LSP-000250;animales;cóndor;imagenes/animales/revisar_pagina_200_tarjeta_02.png;;CONDOR ° i (1) Y } ° 4 ' i ZG. = r* Vy) OmaN OK 1. Colocar delante de la nariz el dorso de la mano derecha con el indice semiflexionado. 2. Flexionar los codos y los brazos con movimiento de aleteo.;
LSP-000251;animales;conejo;imagenes/animales/revisar_pagina_200_tarjeta_03.png;;CONEJO Hp 6 yA? is ING) Colocar ambas manos con el dorso hacia afuera, ala altura de la sien. Mover los dedos indice y medio, los demas dedos flexionados.;
LSP-000252;animales;culebra;imagenes/animales/revisar_pagina_200_tarjeta_04.png;;Re Colocar la mano izquierda a la altura del antebrazo derecho extendiendo el indice en ambas manos. Avanzar con movimientos ondulatorios.;
LSP-000253;animales;elefante;imagenes/animales/revisar_pagina_200_tarjeta_05.png;;ELEFANTE — AN > OY RAS Con las yemas de los dedos a la altura de la boca hacer un movimiento hacia delante (simulando una trompa), uniendo los dedos.;
LSP-000254;animales;gallina;imagenes/animales/revisar_pagina_200_tarjeta_06.png;;(s 0) \\ 1. Unir y separar los dedos indice y pulgar con movimiento ala altura de la boca. 2. Colocar el pulgar e indice haciendo pinza, sobre la palma de la mano izquierda.;
LSP-000255;animales;gallo;imagenes/animales/revisar_pagina_201_tarjeta_01.png;;\ WZ \ 2 Llevar la mano con los dedos extendidos en posici6n vertical sobre la cabeza, con movimiento hacia atras y hacia adelante.;
LSP-000256;animales;gato;imagenes/animales/revisar_pagina_201_tarjeta_02.png;;"ewe O<¥ LJ R "", (| 7 y a ( _—— / \ | / Unir las yemas de los dedos indice y pulgar, los demas dedos extendidos llevarlos sobre el labio superior realizando movimientos hacia afuera.";
LSP-000257;animales;gusano;imagenes/animales/revisar_pagina_201_tarjeta_03.png;;Apoyar el indice semiflexionado de la mano derecha, sobre el dorso de la mano izquierda, con movimiento de avance hacia el antebrazo.;Apoyar el indice semiflexionado de la mano derecha, sobre el dorso de la mano izquierda, con movimiento de avance hacia el antebrazo.
LSP-000258;animales;jirafa;imagenes/animales/revisar_pagina_201_tarjeta_04.png;;~~” FF YY %, - s ‘ iN ~ ‘ A * *. s s s § se s e s sw Llevar los dedos semiflexionados de la mano derecha hacia el cuello y realizar un movimiento recto hacia arriba.;
LSP-000259;animales;león;imagenes/animales/revisar_pagina_201_tarjeta_05.png;;"LEON t\ e 6 Av ( / 1) GS ""as @ ww < YK ae [2 wy XY NA; Con los dedos extendidos de la mano derecha, colocada en la parte central de la cabeza realizar un movimiento hacia atras con todos los dedos.";
LSP-000260;animales;llama;imagenes/animales/revisar_pagina_201_tarjeta_06.png;;~ _~ ) Uniendo los dedos anular, medio y pulgar, los otros dedos extendidos, realizar ligeros movimientos.;
LSP-000261;animales;loro;imagenes/animales/revisar_pagina_202_tarjeta_01.png;;\ Llevar hacia la nariz el indice derecho semiflexionado, la cara palmar de mano hacia afuera.;
LSP-000262;animales;mariposa;imagenes/animales/revisar_pagina_202_tarjeta_02.png;;Cruzar las manos con las palmas hacia adentro entrelazando los pulgares, efectuar movimientos conlos dedos.;Cruzar las manos con las palmas hacia adentro entrelazando los pulgares, efectuar movimientos conlos dedos.
LSP-000263;animales;mono;imagenes/animales/revisar_pagina_202_tarjeta_03.png;;eal or Colocaren lacabezala mano derecha y el pecho la mano izquierda, hacer movimientos con los dedos.;
LSP-000264;animales;mosca;imagenes/animales/revisar_pagina_202_tarjeta_04.png;;6, Unir indice y pulgar de la mano derecha, los demas dedos extendidos y efectuar un movimiento ondulatorio hacia la derecha.;
LSP-000265;animales;oso;imagenes/animales/revisar_pagina_202_tarjeta_05.png;;J- e {77 Cruzando los brazos sobre el pecho ejecutar movimientos con todos los dedos.;
LSP-000266;animales;oveja;imagenes/animales/revisar_pagina_202_tarjeta_06.png;;OVEJA th K/ ma > / aN elf CH o Cb _ IN Apoyar el dorso de los dedos indice y medio extendidos y recorrer desde la mufieca hasta el antebrazo.;
LSP-000267;animales;pájaro;imagenes/animales/revisar_pagina_203_tarjeta_01.png;;PAJARO S 0) 5, = —= s @ ‘ —= — 1. Unir y separar con movimiento el indice y pulgar dela mano derecha, ala altura de los labios. 2. Flexionando los codos extender las manos hacia los lados realizando movimiento de aleteo.;
LSP-000268;animales;pato;imagenes/animales/revisar_pagina_203_tarjeta_02.png;;ed MS ( \ a Rae aes 4 ~ 2 ‘4 \ z em ).' ¢ o Movimientos de union y separacion de los los dedos delamanoderecha alaaltura dela boca.;
LSP-000269;animales;pavo;imagenes/animales/revisar_pagina_203_tarjeta_03.png;;Con los dedos pulgar e indice a la altura de la nariz, realizar un movimiento hacia abajo.;Con los dedos pulgar e indice a la altura de la nariz, realizar un movimiento hacia abajo.
LSP-000270;animales;perro;imagenes/animales/revisar_pagina_203_tarjeta_04.png;;PERRO - J _a (ot) } Va) “tif \ | / ENN ) ‘ | T 2. Golpear suavemente la pierna con la mano derecha.;
LSP-000271;animales;pescado;imagenes/animales/revisar_pagina_203_tarjeta_05.png;;Be Colocar la mano derecha con los dedos hacia adelante, realizar un movimiento ondulatorio con la mano.;
LSP-000272;animales;pollo;imagenes/animales/revisar_pagina_203_tarjeta_06.png;;POLLO Cd =a - Unir y separar los dedos indice y pulgar delante dela boca.;
LSP-000273;animales;sapo;imagenes/animales/revisar_pagina_204_tarjeta_01.png;;“a 7 ue ‘ 4 rd ef eo @ e 4 palma derecha ahuecada sobre la palma de la mano izquierda, con movimientos de salto.;
LSP-000274;animales;toro;imagenes/animales/revisar_pagina_204_tarjeta_02.png;;7X ay Apoyando los pulgares en la sien, el dedo indice extendido, los demas dedos flexionados sobre la palma, llevar la cabeza hacia adelante.;
LSP-000275;animales;tortuga;imagenes/animales/revisar_pagina_204_tarjeta_03.png;;Cubrir el dorso de la mano izquierda flexionada con la palma de la mano derecha dejando libre el pulgar izquierdo en movimiento.;
LSP-000276;animales;Vaca;imagenes/animales/revisar_pagina_204_tarjeta_04.png;;Configurar “Y” con ambas manos, apoyar los pulgares extendidos en la sien, realizar un pequefho movimiento hacia arriba.;
LSP-000277;animales;zancudo;imagenes/animales/revisar_pagina_204_tarjeta_05.png;;ZANCUDO Uniendo los dedos pulgar e indice de la mano derecha, llevarlos sobre el dorso del pufio de la mano izquierda con movimiento de arriba hacia abajo.;
LSP-000278;animales;zorro;imagenes/animales/revisar_pagina_204_tarjeta_06.png;;ZORRO Zi @ (or J Wn nn 8%, 5 y, 1. Con la mano derecha abierta sobre la cara, realizar un movimiento hacia afuera, uniendo los dedos. 2. Configurar la letra Z.;
LSP-000414;juguetes_juegos_deportes;avión;imagenes/juguetes_juegos_deportes/revisar_pagina_207_tarjeta_01.png;;AVION a~ \ Con los dedos pulgar, indice y mefique extendidos, describir un movimiento semicircular hacia arriba.;
LSP-000415;juguetes_juegos_deportes;muñeca;imagenes/juguetes_juegos_deportes/revisar_pagina_207_tarjeta_02.png;;ANY WY = (\ — => |) 2 —” 2. Configurar la sefia de bebé.;
LSP-000416;juguetes_juegos_deportes;trompo;imagenes/juguetes_juegos_deportes/revisar_pagina_207_tarjeta_03.png;;TROMPO iN : HD @ Sefer a) \ | — ‘i —~ \ NC Z, 1.Accién de enrrollar la pita en el trompo. 2. Lanzar y recibir en la palma de la mano. >;
LSP-000417;juguetes_juegos_deportes;tren;imagenes/juguetes_juegos_deportes/revisar_pagina_207_tarjeta_04.png;;TREN _—-—~ oT \ 7 “N / \ I Vv \ \ Sd \N — ~ — Con los dedos indice y medio extendidos de la mano derecha, realizar movimientos circulares hacia adelante.;
LSP-000418;juguetes_juegos_deportes;tambor;imagenes/juguetes_juegos_deportes/revisar_pagina_207_tarjeta_05.png;;"TAMBOR (7 ~\ ; \ ’ y < / ) 7 \\ SY >~™~ Sp X<™X";
LSP-000419;juguetes_juegos_deportes;soga;imagenes/juguetes_juegos_deportes/revisar_pagina_207_tarjeta_06.png;;SOGA] ~~. / \ ( \ \ sss ) / = Z } / . Vie ! ! \ | ( | = | \ ! \ | \ / \ / NN . Y Acci6on de saltar la soga.;
LSP-000420;juguetes_juegos_deportes;soldado;imagenes/juguetes_juegos_deportes/revisar_pagina_208_tarjeta_01.png;;ey an ( (Wa;
LSP-000421;juguetes_juegos_deportes;dados;imagenes/juguetes_juegos_deportes/revisar_pagina_208_tarjeta_02.png;;DADOS - 0) 3 y) \ \ \ \ or @ MF es . wa);
LSP-000422;juguetes_juegos_deportes;cubo;imagenes/juguetes_juegos_deportes/revisar_pagina_208_tarjeta_03.png;;"CUBO @ ~~ ad a I | I | SKA po FrZ TY | ; L | $<———@ ~ lew ~ Ee ambas manos.";
LSP-000423;juguetes_juegos_deportes;yases;imagenes/juguetes_juegos_deportes/revisar_pagina_208_tarjeta_04.png;;"om; YASES ‘ao! Ow"" t ~Op —_ x A N = ou @ 1.Accién de lanzar la pelota. 2.Accién de recoger los yases.";
LSP-000424;juguetes_juegos_deportes;pistola;imagenes/juguetes_juegos_deportes/revisar_pagina_208_tarjeta_05.png;;PISTOLA in —_. a yy \ N) Con los dedos pulgar e indice extendidos y separados, dirigidos hacia adelante hacer pequefios movimientos con el indice.;
LSP-000425;juguetes_juegos_deportes;pelota;imagenes/juguetes_juegos_deportes/revisar_pagina_208_tarjeta_06.png;;PELOTA @ a \ \ ana | \\ Yo 4 “ J NL ) } 7 _7;
LSP-000426;juguetes_juegos_deportes;voleybol;imagenes/juguetes_juegos_deportes/revisar_pagina_210_tarjeta_01.png;;VOLEYBOL -_ — y ed ~~ ay A RK I\A BA — a SZ C Vv Ademan de jugar la pelota con las palmas extendidas de ambas manos.;
LSP-000427;juguetes_juegos_deportes;tenis;imagenes/juguetes_juegos_deportes/revisar_pagina_210_tarjeta_02.png;;TENIS \ » XN /~-+>y 7 = 4 \ ane ‘. \ xj __, 4 => Var, \ ) \ NX a Accion de coger la raqueta y golpear con ella la pelota.;
LSP-000428;juguetes_juegos_deportes;ciclismo;imagenes/juguetes_juegos_deportes/revisar_pagina_210_tarjeta_03.png;;CICLISMO \ ( C ta );
LSP-000429;juguetes_juegos_deportes;atletismo;imagenes/juguetes_juegos_deportes/revisar_pagina_210_tarjeta_04.png;;ATLETISMO Disefar con el cuerpo la postura de inicio de la carrera.;
LSP-000430;juguetes_juegos_deportes;motociclismo;imagenes/juguetes_juegos_deportes/revisar_pagina_210_tarjeta_05.png;;MOTOCICLISMO WY ( WwW Con las manos en pufo realizar a la altura de las mufiecas movimientos hacia atras y hacia adelante.;
LSP-000431;juguetes_juegos_deportes;pesca;imagenes/juguetes_juegos_deportes/revisar_pagina_210_tarjeta_06.png;;PESCA y, Colocar las manos con los dedos flexionados excepto el pulgar, la mano derecha detras de la izquierda y realizar accidn de lanzar hacia adelante con movimiento de ambas manos.;
LSP-000432;juguetes_juegos_deportes;boxeo;imagenes/juguetes_juegos_deportes/revisar_pagina_211_tarjeta_01.png;;BOXEO =~. — _ wae) ‘ —_ _—7_ i ~N , wy _ . Colocar los pufios cerrados con movimientos alternados de adelante hacia atras.;
LSP-000433;juguetes_juegos_deportes;ajedrez;imagenes/juguetes_juegos_deportes/revisar_pagina_211_tarjeta_02.png;;AJEDREZ Con los dedos pulgar e indice hacer movimientos simulando coger las fichas.;
LSP-000434;juguetes_juegos_deportes;automovilismo;imagenes/juguetes_juegos_deportes/revisar_pagina_211_tarjeta_03.png;;AUTOMOVILISMO 3 | sOAGw \ / N er id timon del auto. >;
LSP-000435;juguetes_juegos_deportes;básquet;imagenes/juguetes_juegos_deportes/revisar_pagina_211_tarjeta_04.png;;BASQUET Oa y} a> (i \ ‘ ® _- a \ y, —-™ y LY ~~ -7 1. Con la mano derecha extendida, hacer movimientos hacia abajo. 2. Simularlanzarlapelota alacanasta.;
LSP-000436;juguetes_juegos_deportes;ping pong;imagenes/juguetes_juegos_deportes/revisar_pagina_211_tarjeta_05.png;;o ~ ~ ‘ XN ‘ \ ! ‘ ' Ay ‘ LY \ 4’ \ / ‘ 4 == Accién de jugar con la raqueta lanzando la pelota, con movimientos a nivel de la mufieca.;
LSP-000516;numeros;catorce;imagenes/numeros/catorce.png;;\ IN a \ \ Vu;
LSP-000517;numeros;cero;imagenes/numeros/cero.png;;;
LSP-000518;numeros;cien;imagenes/numeros/cien.png;;LCIEN |;
LSP-000519;numeros;cinco;imagenes/numeros/cinco.png;;\;
LSP-000520;numeros;cincuenta;imagenes/numeros/cincuenta.png;;(;
LSP-000521;numeros;cuarenta;imagenes/numeros/cuarenta.png;;ray;
LSP-000522;numeros;cuatro;imagenes/numeros/cuatro.png;;( (;
LSP-000523;numeros;diez;imagenes/numeros/diez.png;;ae \;
LSP-000524;numeros;doce;imagenes/numeros/doce.png;;= (iy va;
LSP-000525;numeros;dos;imagenes/numeros/dos.png;;AR;
LSP-000526;numeros;mil;imagenes/numeros/mil.png;;a;
LSP-000527;numeros;nueve;imagenes/numeros/nueve.png;;;
LSP-000528;numeros;ocho;imagenes/numeros/ocho.png;;<;
LSP-000529;numeros;once;imagenes/numeros/once.png;;{;
LSP-000530;numeros;quince;imagenes/numeros/quince.png;;“\\ Bx ‘ A \! \ NOY . ~;
LSP-000531;numeros;seis;imagenes/numeros/seis.png;;SEIS =;
LSP-000532;numeros;sesenta;imagenes/numeros/sesenta.png;;Vy Xt;
LSP-000533;numeros;sesenta y uno;imagenes/numeros/sesenta_y_uno.png;;{ STZ $ ) ve;
LSP-000534;numeros;siete;imagenes/numeros/siete.png;;a:;
LSP-000535;numeros;trece;imagenes/numeros/trece.png;;\;
LSP-000536;numeros;treinta;imagenes/numeros/treinta.png;;;
LSP-000537;numeros;treinta y uno;imagenes/numeros/treinta_y_uno.png;;—“<_ s/s ‘4;
LSP-000538;numeros;tres;imagenes/numeros/tres.png;;(;
LSP-000539;numeros;un millon;imagenes/numeros/un_millon.png;;;
LSP-000540;numeros;uno;imagenes/numeros/uno.png;;Sih;
LSP-000541;numeros;veinte;imagenes/numeros/veinte.png;;oe Y/ \S&;
LSP-000542;numeros;veintiseis;imagenes/numeros/veintiseis.png;;_;
LSP-000543;numeros;veintiuno;imagenes/numeros/veintiuno.png;;(;
LSP-000555;paises_y_ciudades;américa;imagenes/paises_y_ciudades/revisar_pagina_221_tarjeta_01.png;;eee Le eee eee Entrelazar dedos de ambas manos y realizar un movimiento circular.;
LSP-000556;paises_y_ciudades;américa del sur;imagenes/paises_y_ciudades/revisar_pagina_221_tarjeta_02.png;;AMERICA DEL SUR We eee 2. Configurar “S”.;
LSP-000557;paises_y_ciudades;áfrica;imagenes/paises_y_ciudades/revisar_pagina_221_tarjeta_03.png;;AFRICA é s @ AS a a a —=_ = \ t | Y ’ D 4 7 ya Con la palma de la mano derecha extendida y el dedo medio flexionado , realizar un movimiento circular delante del rostro.;
LSP-000558;paises_y_ciudades;asia;imagenes/paises_y_ciudades/revisar_pagina_221_tarjeta_04.png;;"ASIA IN . of y a a a A pb \t 4) | 4 | a * y; es & a ¢ A S\ x del rostro, comenzando en el menton.";
LSP-000559;paises_y_ciudades;oceanía;imagenes/paises_y_ciudades/revisar_pagina_221_tarjeta_05.png;;Con cuatro dedos extendidos de la mano derecha a la altura del hombro derecho, realizar un movimiento pequeno hacia afuera.;
LSP-000560;paises_y_ciudades;europa;imagenes/paises_y_ciudades/revisar_pagina_221_tarjeta_06.png;;EUROPA aT ew aN ‘iN 4 1 \ ! —<_ —z, \ \ yy \ / \ 7 7 ‘S 74 Configurar “E” a la altura de la nariz efectuar un movimiento circular alrededor del rostro, regresando al mismo lugar.;
LSP-000561;paises_y_ciudades;alemania;imagenes/paises_y_ciudades/revisar_pagina_222_tarjeta_01.png;;ALEMANIA i 0 D> @ iy Colocar en la frente el dorso de la mano derecha con el indice extendido, los demas dedos flexionados.;
LSP-000562;paises_y_ciudades;argentina;imagenes/paises_y_ciudades/revisar_pagina_222_tarjeta_02.png;;ARGENTINA % | ( \ —™N y) Con la mano derecha semiflexionada, realizar pequefios movimientos a la altura del hombro derecho,.;
LSP-000563;paises_y_ciudades;bolivia;imagenes/paises_y_ciudades/revisar_pagina_222_tarjeta_03.png;;cy ™ yy Unir las yemas del pulgar, medio y anular, realizar movimientos giratorios.;
LSP-000564;paises_y_ciudades;brasil;imagenes/paises_y_ciudades/revisar_pagina_222_tarjeta_04.png;;"Ap > ("" re SU Flexionando el pulgar de la mano derecha, los demas dedos extendidos, realizar un movimiento ondulatorio hacia abajo.";
LSP-000565;paises_y_ciudades;canadá;imagenes/paises_y_ciudades/revisar_pagina_222_tarjeta_05.png;;ANADA C .= Dw > =p Con los dedos flexionados excepto el pulgar, apoyar el borde radial de la mano derecha en el pecho, ejecutar movimiento de la derecha hacia la izquierda.;
LSP-000566;paises_y_ciudades;chile;imagenes/paises_y_ciudades/revisar_pagina_222_tarjeta_06.png;;CHILE N gi ) py. Unir yemas de dedo indice y pulgar en la sien, los demas dedos extendidos y realizar un movimiento hacia atras.;
LSP-000567;paises_y_ciudades;china;imagenes/paises_y_ciudades/revisar_pagina_223_tarjeta_01.png;;CHINA fae l — iW | “¢ = l Trazar una linea horizontal en el pecho de izquierda a derecha y de ese punto una linea vertical hacia abajo.;
LSP-000568;paises_y_ciudades;colombia;imagenes/paises_y_ciudades/revisar_pagina_223_tarjeta_02.png;;COLOMBIA a (% ee Configurar “C” con la mano derecha, realizando movimientos giratorios.;
LSP-000569;paises_y_ciudades;costa rica;imagenes/paises_y_ciudades/revisar_pagina_223_tarjeta_03.png;;COSTA RICA Sobre el dorso de la mano izquierda, configurar la “C’yla“R’.;
LSP-000570;paises_y_ciudades;cuba;imagenes/paises_y_ciudades/revisar_pagina_223_tarjeta_04.png;;@) | = aaa sents ar Vomnnk = ary mAs ‘ pabeheiin qs ss. 2 74 ve . — @ 1. Colocar los cuatro dedos extendidos de la mano derecha en la frente. 2. Girar la posicion hacia afuera.;
LSP-000571;paises_y_ciudades;ecuador;imagenes/paises_y_ciudades/revisar_pagina_223_tarjeta_05.png;;C) 4, Apoyar sobre el menton los dedos indice y medio semiflexionados, realizar pequefos movimientos de giro sobre él.;
LSP-000572;paises_y_ciudades;egipto;imagenes/paises_y_ciudades/revisar_pagina_223_tarjeta_06.png;;Llevar a la frente el dorso de la mano derecha con el indice semiflexionado, los demas dedos flexionados.;
LSP-000573;paises_y_ciudades;españa;imagenes/paises_y_ciudades/revisar_pagina_224_tarjeta_01.png;;ESPANA S | Lal > ze 4 eur (( Con los dedos pulgar e indice de la mano en contacto con el hombro derecho, hacer un movimiento horizontal hacia el hombro izquierdo.;
LSP-000574;paises_y_ciudades;estados unidos;imagenes/paises_y_ciudades/revisar_pagina_224_tarjeta_02.png;;ESTADOS UNIDOS == => — — > <_— Formar la “U” del alfabeto con la mano derecha realizar un movimiento de vaivén de derecha a izquierda.;
LSP-000575;paises_y_ciudades;francia;imagenes/paises_y_ciudades/revisar_pagina_224_tarjeta_03.png;;FRANCIA ) @ 2 @ Wy 1. Configurar la letra F con la mano derecha a la altura de la boca. 2. Girarlamufieca hacia adelante.;
LSP-000576;paises_y_ciudades;holanda;imagenes/paises_y_ciudades/revisar_pagina_224_tarjeta_04.png;;HOLANDA % Man, / / —— ¥ Sh Manos abiertas al nivel de las orejas llevarlas hacia afuera uniendo las yemas.;
LSP-000577;paises_y_ciudades;india;imagenes/paises_y_ciudades/revisar_pagina_224_tarjeta_05.png;;Llevar el dedo indice extendido al centro de la frente.;
LSP-000578;paises_y_ciudades;inglaterra;imagenes/paises_y_ciudades/revisar_pagina_224_tarjeta_06.png;;\ [>I 0) 2) XK Ejecutar un movimiento en forma de aspa delante del tronco con los dedos indice, medio, anular y mefique extendidos y el pulgar flexionado en la palma de la mano derecha.;
LSP-000579;paises_y_ciudades;uruguay;imagenes/paises_y_ciudades/revisar_pagina_226_tarjeta_01.png;;a> wa I Lb. L 4 Formar la “U” del alfabeto con la cara palmar hacia adentro y girar la mano hacia afuera varias veces.;
LSP-000580;paises_y_ciudades;venezuela;imagenes/paises_y_ciudades/revisar_pagina_226_tarjeta_02.png;;VENEZUELA Es) a <q (>> i) ) (7 —“~N ) - 4 LL. Con los dedos indice y medio extendidos y separados de la mano derecha hacer un movimiento ondulatorio hacia abajo.;
LSP-000581;paises_y_ciudades;amazonas;imagenes/paises_y_ciudades/revisar_pagina_226_tarjeta_03.png;;—_ —_=s= a) = oar a * yf 2 “ 1 1 1 . 1 ' 1 ’ ' ! ‘Se ‘Me Configurando “A” con la mano derecha y realizar movimientos ondulatorios hacia la izquierda con la mano extendida;
LSP-000582;paises_y_ciudades;ancash;imagenes/paises_y_ciudades/revisar_pagina_226_tarjeta_04.png;;ANCASH]... on, y ‘ H ‘ m4 1 It ener sa! —— — ) 4 as = ——_Z /~T™ Configurando “A” con la mano derecha realizar movimientos ondulatorios amplios a la altura de la frente. — df;
LSP-000583;paises_y_ciudades;apurímac;imagenes/paises_y_ciudades/revisar_pagina_226_tarjeta_05.png;;"APURIMAC 0 4 ~ ox * ‘, | Xe @/\) 1. Configurarlaletra""A"" . 2. Configurar la letra ""C"" con un movimiento horizontal hacia la derecha.";
LSP-000584;paises_y_ciudades;arequipa;imagenes/paises_y_ciudades/revisar_pagina_226_tarjeta_06.png;;AREQUIPA A s @ 0 \ / N \A& < . ’ J .———!/ tk Colocar la mano izquierda con los dedos semiflexionados y el dorso hacia afuera, introducir la mano derecha haciendo contacto con la palma de la mano izquierda con movimiento de abajo hacia arriba, terminar la configuracién con los dedos extendidos. _;
LSP-000585;paises_y_ciudades;huánuco;imagenes/paises_y_ciudades/revisar_pagina_228_tarjeta_01.png;;HUANUCO AN: i aa x nr =—_Z @ mm 1. Configurar lasefia de leon 2. Colocar la mano derecha delante del tronco con los dedos semiflexionados.;
LSP-000586;paises_y_ciudades;huancayo;imagenes/paises_y_ciudades/revisar_pagina_228_tarjeta_02.png;;HUANCAYO = ors y4 x \ 4 \ J : 5 ’ : | ‘ | 4 Y ? “S_-7” Configurar letra H con la mano derecha, realizar movimientos circulares hacia adelante.;
LSP-000587;paises_y_ciudades;ica;imagenes/paises_y_ciudades/revisar_pagina_228_tarjeta_03.png;;—_. I ° Le 1. Configurar “I” con la mano derecha. 2. Apoyar sobre la palma izquierda el borde cubital de la mano derecha con los dedos semiflexionados.;
LSP-000588;paises_y_ciudades;iquitos;imagenes/paises_y_ciudades/revisar_pagina_228_tarjeta_04.png;;—_—o— ~—w\ 7 — ~ - NW Con los dedos indice y medio de la mano derecha realizar un movimiento pequefo sobre la mejilla derecha.;
LSP-000589;paises_y_ciudades;madre de dios;imagenes/paises_y_ciudades/revisar_pagina_228_tarjeta_05.png;;"MADRE DE DIOS 0) @ at . | oN I N\ |, ij} i /, / ¥ 2. Configurarlasefia""DIOS"".";
LSP-000590;paises_y_ciudades;pucallpa;imagenes/paises_y_ciudades/revisar_pagina_228_tarjeta_06.png;;PUCALLPA XG [NS Con las dos manos juntas y extendidas con las palmas hacia arriba, realizar un movimiento de derecha a izquierda.;
LSP-000591;paises_y_ciudades;puno;imagenes/paises_y_ciudades/revisar_pagina_229_tarjeta_01.png;;". ~w a: a G, \.f —a¥ YY Configurar la letra ""P"" en la mejilla derecha y realizar movimientos circulares sobre ella.";
LSP-000592;paises_y_ciudades;san martin;imagenes/paises_y_ciudades/revisar_pagina_229_tarjeta_02.png;;SAN MARTIN q @ p) \ ( Ip: L a Wy id 4 ‘> @ 1. Configurar “S” conla mano derecha. ™ 2. Realizando un movimiento ondulatorio hacia abajo configurar “M’. S fol;
LSP-000593;paises_y_ciudades;tacna;imagenes/paises_y_ciudades/revisar_pagina_229_tarjeta_03.png;;ro} i LS Gg PFN 1. Formar “T” con la mano derecha. 2.Sobre el antebrazo izquierdo realizar un movimiento semicircular , desde la altura del codo hasta los dedos. >;
LSP-000594;paises_y_ciudades;trujillo;imagenes/paises_y_ciudades/revisar_pagina_229_tarjeta_04.png;;TRUJILLO \ yy )) 1 Con la mano derecha simular coger un pafiuelo y con el cuerpo adoptar posicién de baile.;
LSP-000595;paises_y_ciudades;tumbes;imagenes/paises_y_ciudades/revisar_pagina_229_tarjeta_05.png;;TUMBES sy 3 frente.;
LSP-000596;paises_y_ciudades;ucayali;imagenes/paises_y_ciudades/revisar_pagina_229_tarjeta_06.png;;_—_ “™ < | = 0) 2 “Ss “ “\ A 1. Configurar “U” conla mano derecha. 2.Juntar ambas manos con los dedos semiflexionados y realizar movimientos hacia adelante.;
LSP-000597;paises_y_ciudades;lima;imagenes/paises_y_ciudades/revisar_pagina_230_tarjeta_01.png;;8 Fuss Colocar sobre la palma de mano izquierda la derecha configurando “L’.;
LSP-000598;paises_y_ciudades;ate;imagenes/paises_y_ciudades/revisar_pagina_230_tarjeta_02.png;;o @ U = ©;
LSP-000599;paises_y_ciudades;barranco;imagenes/paises_y_ciudades/revisar_pagina_230_tarjeta_03.png;;">) ~~ i. 1 5 4 —— 4s ‘ ; A la altura de la cabeza configurar “B” con la mano derecha, la palma hacia afuera, bajar la mano con movimiento recto.";
LSP-000600;paises_y_ciudades;callao;imagenes/paises_y_ciudades/revisar_pagina_230_tarjeta_04.png;;CALLAO Ki Configurar “C” con la mano derecha acompafar con movimiento de izquierda a derecha.;
LSP-000601;paises_y_ciudades;comas;imagenes/paises_y_ciudades/revisar_pagina_230_tarjeta_05.png;;<— —_>> Configurar “C” con la mano derecha y realizar un movimiento de derecha a izquierda, sobre el dorso de la mano ziquierda.;
LSP-000602;paises_y_ciudades;chorrillos;imagenes/paises_y_ciudades/revisar_pagina_230_tarjeta_06.png;;CHORRILLOS 1. Conlamano derechaconfigurar “C’”. 2. Juntar las manos con los dedos semiflexionados.;
LSP-000603;paises_y_ciudades;chosica;imagenes/paises_y_ciudades/revisar_pagina_231_tarjeta_01.png;;Con el pufio dela mano derecha ala altura del pecho realizar movimientos circulares hacia delante.;
LSP-000604;paises_y_ciudades;jesús maría;imagenes/paises_y_ciudades/revisar_pagina_231_tarjeta_02.png;;JESUS MARIA | 1.Sefa de Jesus. 2. Configurar “M” con la mano derecha. S fol;
LSP-000605;paises_y_ciudades;la victoria;imagenes/paises_y_ciudades/revisar_pagina_231_tarjeta_03.png;;LA VICTORIA ( _— ( — Configurar “V’con la mano derecha sobre la frente, acompafnar con movimiento hacia adelante.;
LSP-000606;paises_y_ciudades;lince;imagenes/paises_y_ciudades/revisar_pagina_231_tarjeta_04.png;;— —> Configurar “L” con la mano derecha con movimientos de derecha a izquierda, sobre el dorso dela mano izquierda.;
LSP-000607;paises_y_ciudades;la molina;imagenes/paises_y_ciudades/revisar_pagina_231_tarjeta_05.png;;A ( S ‘ - DP 4 ’ Configurar “M” con la mano derecha y ejecutar un movimiento ondulatorio hacia arriba.;
LSP-000608;paises_y_ciudades;magdalena;imagenes/paises_y_ciudades/revisar_pagina_231_tarjeta_06.png;;A ES giratorio.;
LSP-000609;paises_y_ciudades;miraflores;imagenes/paises_y_ciudades/revisar_pagina_232_tarjeta_01.png;;MIRAFLORES Jas 3 Us Configurar “C” con ambas manos ala altura de las orejas, realizar un movimiento giratorio.;
LSP-000610;paises_y_ciudades;monterrico;imagenes/paises_y_ciudades/revisar_pagina_232_tarjeta_02.png;;MONTERRICO id a ! ( ‘ 4 Colocar ambos pufos paralelos realizar movimiento circular como cabalgando.;
LSP-000611;paises_y_ciudades;pueblo libre;imagenes/paises_y_ciudades/revisar_pagina_232_tarjeta_03.png;;PUEBLO LIBRE ) Oh ——= , a ~ @ 1. Configurar “P” con la mano derecha. 2. Configurar “L” con ambas manos acompafado de movimiento recto hacia los lados separando las manos.;
LSP-000612;paises_y_ciudades;rímac;imagenes/paises_y_ciudades/revisar_pagina_232_tarjeta_04.png;;RIMAC ” | ( 1. Configurar “R” del alfabeto. 2. Movimiento hacia abajo.;
LSP-000613;paises_y_ciudades;san borja;imagenes/paises_y_ciudades/revisar_pagina_232_tarjeta_05.png;;SAN BORJA =_—- = ow), KH @ yt ™ @ ul N ( 1. Configurar “S” conlamano derecha. 2. Configurar “B” conla mano derecha.;
LSP-000614;paises_y_ciudades;san isidro;imagenes/paises_y_ciudades/revisar_pagina_232_tarjeta_06.png;;SAN ISIDRO SS Sf 1. Configurar “S” conla mano derecha. 2. Formarla “Il” conlamano derecha.;
LSP-000615;paises_y_ciudades;san juan de lurigancho;imagenes/paises_y_ciudades/revisar_pagina_233_tarjeta_01.png;;SAN JUAN DE LURIGANCHO © ® (ay 1. Configurar “S”con la mano derecha. 2. Superponer la mano derecha sobre la izquierda, ambas con los dedos extendidos y el pulgar flexionado sobre la palma. Invertir esa posicion colocando la mano izquierda sobre la derecha.;
LSP-000616;paises_y_ciudades;san luis;imagenes/paises_y_ciudades/revisar_pagina_233_tarjeta_02.png;;SAN LUIS DO) ON / ,. ‘\ Ni 7 i, Ne VOX 3 @ yy NS 1. Colocar las manos abiertas a ambos lados de la cabeza. 2. Llevarlas a la altura del cuello uniendo las yemas.;
LSP-000617;paises_y_ciudades;san martín de porres;imagenes/paises_y_ciudades/revisar_pagina_233_tarjeta_03.png;;SAN MARTIN DE PORRES @ (K iN my )) i 2. Simular accion de barrer. >;
LSP-000618;paises_y_ciudades;san miguel;imagenes/paises_y_ciudades/revisar_pagina_233_tarjeta_04.png;;} le \~\ ») . Zz Colocar el pulgar de la mano derecha dentro de pufo de la mano izquierda, ejecutar el movimiento de bandera.;
LSP-000619;paises_y_ciudades;surco;imagenes/paises_y_ciudades/revisar_pagina_233_tarjeta_05.png;;SURCO <= —_—> Configurar “S” y acompafar con movimiento de derechaa izquierda.;
LSP-000620;paises_y_ciudades;villa el salvador;imagenes/paises_y_ciudades/revisar_pagina_233_tarjeta_06.png;;VILLA EL SALVADOR Wie <— s,s SNe ek oP), Ny;
LSP-000621;instituciones_y_lugares;aeropuerto;imagenes/instituciones_y_lugares/revisar_pagina_234_tarjeta_01.png;;AEROPUERTO ‘N;
LSP-000622;instituciones_y_lugares;avenida;imagenes/instituciones_y_lugares/revisar_pagina_234_tarjeta_02.png;;AVENIDA;
LSP-000623;instituciones_y_lugares;casa;imagenes/instituciones_y_lugares/revisar_pagina_234_tarjeta_03.png;;CASA y \ A \;
LSP-000624;instituciones_y_lugares;comisaría;imagenes/instituciones_y_lugares/revisar_pagina_234_tarjeta_04.png;;@ ~ XN 1. Colocar ala altura de la sien la mano derecha con el pulgar flexionado, los demas dedos extendidos y lacara palmar hacia fuera. 2. Ejecutar sefia de casa.;
LSP-000625;instituciones_y_lugares;cárcel;imagenes/instituciones_y_lugares/revisar_pagina_234_tarjeta_05.png;;, 7% LS ~ . a Cruzar ambas manos con los dedos extendidos y separados, y el pulgar flexionado, en contacto con el dorso de la derecha.;
LSP-000626;instituciones_y_lugares;cementerio;imagenes/instituciones_y_lugares/revisar_pagina_234_tarjeta_06.png;;CEMENTERIO . EN 7. es @ RNS 1. Sefia de muerto. 2. Levar la mano derecha con los dedos extendidos debajo de la mano izquierda, contactando el dorso con la palma de la mano izquierda.;
LSP-000627;instituciones_y_lugares;fábrica;imagenes/instituciones_y_lugares/revisar_pagina_235_tarjeta_01.png;;Vg t \ > . yg SY 7 Entrelazar los dedos indice, medio, anular y mefique de ambas manos hacia adentro y realizar un movimiento de arriba hacia abajo.;
LSP-000628;instituciones_y_lugares;hospital;imagenes/instituciones_y_lugares/revisar_pagina_235_tarjeta_02.png;;HOSPITAL (_ Con los dedos indice y medio de la mano derecha dibujar una cruz sobre el brazo izquierdo.;
LSP-000629;instituciones_y_lugares;iglesia;imagenes/instituciones_y_lugares/revisar_pagina_235_tarjeta_03.png;;Configurar “Il” con la mano derecha apoyandola sobre el pufio de la mano izquierda con suaves golpes. >;
LSP-000630;instituciones_y_lugares;ministerio de educación;imagenes/instituciones_y_lugares/revisar_pagina_235_tarjeta_04.png;;MINISTERIO DE EDUCACION @ A V 1) / 4 7 a 1. Llevar la mano derecha configurando “M’” desde el hombro izquierdo hacia el lado derecho del tronco. 2. Configurar la sefia de libro.;
LSP-000631;instituciones_y_lugares;ministerio de trabajo;imagenes/instituciones_y_lugares/revisar_pagina_235_tarjeta_05.png;;MINISTERIO DE TRABAJO [> lS 6 . / / 7 4 1. Llevar la mano derecha configurando “M” desde el hombro izquierdo hacia el lado derecho del tronco. 2. Configurar la sefia de trabajo.;
LSP-000632;instituciones_y_lugares;municipalidad;imagenes/instituciones_y_lugares/revisar_pagina_235_tarjeta_06.png;;MUNICIPALIDAD —_o | = (oa) y) SS Con el dedo pulgar extendido de la mano derecha, realizar pequefios movimientos en el lado derecho del tronco.;
LSP-000633;instituciones_y_lugares;cina;imagenes/instituciones_y_lugares/revisar_pagina_236_tarjeta_01.png;;"@ ® ""7 o 1. Colocar la mano derecha en pufo, apoyada en la palma de la mano izquierda en posicion vertical. 2. Desplazar la mano hacia delante, extendiendo los dedos.";
LSP-000634;instituciones_y_lugares;circo;imagenes/instituciones_y_lugares/revisar_pagina_236_tarjeta_02.png;;® = $) & \ = 1. Sefiade payaso. 2. Unirlos indices y mefiques de ambas manos, los demas dedos flexionados con movimiento hacia abajo.;
LSP-000635;instituciones_y_lugares;colegio;imagenes/instituciones_y_lugares/revisar_pagina_236_tarjeta_03.png;;wh aC Oe Ww —- Configurar la sefa de libro y describir en esa posici6n un movimiento circular.;
LSP-000636;instituciones_y_lugares;correos;imagenes/instituciones_y_lugares/revisar_pagina_236_tarjeta_04.png;;CORREOS ® : y) 4, Y/ &e 1. Configurar la sefia de casa. 2. Llevar el pulgar derecho a los labios y con un movimiento apoyarlo sobre la palma izquierda.;
LSP-000637;instituciones_y_lugares;edificios;imagenes/instituciones_y_lugares/revisar_pagina_236_tarjeta_05.png;;ew 1. Apoyar palma mano derecha sobre dorso de la mano izquierda movimiento de superposicion alternando las manos (mano izquierda sobre derecha y asi sucesivamente). 2. Levantar las 2 manos con las palmas frente a frente.;
LSP-000638;instituciones_y_lugares;estadio;imagenes/instituciones_y_lugares/revisar_pagina_236_tarjeta_06.png;;oy, e Oy 2] ole 4 CIA ) ( ( Pea (Ce ( ~ _ Configurar “E” con ambas manos juntas con la cara palmar hacia afuera, hacer un movimiento circular hacia adelante separando las manos, uniéndolas y mostrando la cara dorsal de las manos.;
LSP-000639;instituciones_y_lugares;país;imagenes/instituciones_y_lugares/revisar_pagina_237_tarjeta_01.png;;aos. yi s\ 4 ‘ ’ ‘ t I a / oh , Nd [A Na ae Colocar la mano derecha configurando “P” alaaltura | ) de la parte exterior del antebrazo flexionado con un movimiento circular.;
LSP-000640;instituciones_y_lugares;restaurant;imagenes/instituciones_y_lugares/revisar_pagina_237_tarjeta_02.png;;RESTAURANT !) QD Gg @ 2) o @ ~~ 7 1. Colocar en el lado derecho de la boca la mano con los dedos indice medio superpuestos. 2. Girar a nivel de la mufieca y llevar la mano hacia el lado izquierdo de la boca.;
LSP-000641;instituciones_y_lugares;tienda;imagenes/instituciones_y_lugares/revisar_pagina_237_tarjeta_03.png;;TIENDA 0) 1. Configurar la sefia de casa. 2. Configurar la sefia del verbo vender.;
LSP-000642;instituciones_y_lugares;universidad;imagenes/instituciones_y_lugares/revisar_pagina_237_tarjeta_04.png;;UNIVERSIDAD Configurar “U” con la mano derecha llevarla hacia el lado izquierdo del tronco.;UNIVERSIDAD Configurar “U” con la mano derecha llevarla hacia el lado izquierdo del tronco.
LSP-000940;verbos;abandonar;imagenes/verbos/revisar_pagina_153_tarjeta_01.png;;Colocar los pufios de ambas manos frente a frente, realizar un movimiento amplio hacia la derecha y hacia abajo extendiendo las manos.;
LSP-000941;verbos;abrazar;imagenes/verbos/revisar_pagina_153_tarjeta_02.png;;ABRAZAR S g we iW) g XS Cruzar los antebrazos hacia los hombros con golpes suaves.;
LSP-000942;verbos;abrigar;imagenes/verbos/revisar_pagina_153_tarjeta_03.png;;-_ ~~ 7 ey N CRA _) SAL U- Brow - Con las manos en pufo describir un movimiento circular de atras hacia delante, cruzando los pufios.;
LSP-000943;verbos;abrir;imagenes/verbos/revisar_pagina_153_tarjeta_04.png;;ABRIR 1. Con ambas manos extendidas con las palmas frente a frente. 2. Realizar accion de abrir hacia los lados.;
LSP-000944;verbos;acariciar;imagenes/verbos/revisar_pagina_153_tarjeta_05.png;;ACARICIAR Mano derecha apoyada en el dorso de la mano izquierda, realizar movimientos suaves.;
LSP-000945;verbos;aceptar;imagenes/verbos/revisar_pagina_153_tarjeta_06.png;;ACEPTAR 5 Manos extendidas con las palmas hacia abajo, llevarlas hacia el pecho uniendo las yemas de los dedos.;
LSP-000946;verbos;arruinar;imagenes/verbos/revisar_pagina_156_tarjeta_01.png;;ARRUINAR ~~ —_ — “r | wm iS) (7) ® ° : 1. Colocar el pufio de la mano derecha en posicién vertical con pulgar hacia arriba. 2. Hacer un giro hacia abajo.;
LSP-000947;verbos;aterrizar;imagenes/verbos/revisar_pagina_156_tarjeta_02.png;;ATERRIZAR SS Configurar la sefia de avién con la mano derecha y deslizarlasobrela palma delamano izquierda.;
LSP-000948;verbos;aumentar;imagenes/verbos/revisar_pagina_156_tarjeta_03.png;;~ . Unir los dedos de la mano derecha, llevarlos en movimiento semicircular hacia la palma de la mano izquierda.;
LSP-000949;verbos;avergonzar;imagenes/verbos/revisar_pagina_156_tarjeta_04.png;;AVERGONZAR / “-N > = ad | @ / @ 1. Colocar los dedos pulgar e indice de la mano derecha en la barbilla. 2. Desde esa posicion realizar un movimiento hacia arriba.;
LSP-000950;verbos;ayudar;imagenes/verbos/revisar_pagina_156_tarjeta_05.png;;Configurar “A” con lamanoderecha sobre la palma de la mano izquierda, llevar ambas manos con movimiento con movimiento hacia adelante y hacia arriba.;
LSP-000951;verbos;bailar;imagenes/verbos/revisar_pagina_156_tarjeta_06.png;;BAILAR (= -“—~ FJ DD ee My \ ws Y/ \\ NN _ S;
LSP-000952;verbos;bañar;imagenes/verbos/revisar_pagina_157_tarjeta_01.png;;<7 & >» —Z ~~ Colocar ambas manos en pufio, Ilevarlas sobre el pechoy realizar movimientos de arriba hacia abajo.;
LSP-000953;verbos;barrer;imagenes/verbos/revisar_pagina_157_tarjeta_02.png;;BARRER ji hry) 0 | : ¢ so | tooeninttesmen te Lo SS;
LSP-000955;verbos;besar;imagenes/verbos/revisar_pagina_157_tarjeta_04.png;;= = p> & a > j j = SL Llevar hacia la mejilla la mano derecha con los dedos juntos.;
LSP-000956;verbos;borrar;imagenes/verbos/revisar_pagina_157_tarjeta_05.png;;#¿NOMBRE?;
LSP-000957;verbos;botar;imagenes/verbos/revisar_pagina_157_tarjeta_06.png;;0) x @ NX , o e v U 1. Colocar la mano derecha en pufo. 2. Realizarun movimiento hacia adelante, abriendo lamano.;
LSP-000958;verbos;buscar;imagenes/verbos/revisar_pagina_158_tarjeta_01.png;;a r SAP v.. —> o vee vey = o ( “ean mone jee Con los dedos semiflexionados de la mano derecha a la altura de los ojos, realizar movimientos circulares delante de la cara.;
LSP-000959;verbos;caer;imagenes/verbos/revisar_pagina_158_tarjeta_02.png;;YO 0) @ 1. Colocar sobre la palma izquierda los dedos indice y medio de la mano derecha formando una “V” invertida. 2. Desde esa posicién realizar un movimiento giratorio de los dedos sobre la palma izquierda.;
LSP-000960;verbos;calcular;imagenes/verbos/revisar_pagina_158_tarjeta_03.png;;4 +> Unir los indices de ambas manos, superponiéndolos alternadamente con movimiento hacia arriba y hacia abajo.;
LSP-000961;verbos;callar;imagenes/verbos/revisar_pagina_158_tarjeta_04.png;;"\ ; Llevar indice de la mano derecha a los labios e indicar actitud de silencio.";
LSP-000962;verbos;calmar;imagenes/verbos/revisar_pagina_158_tarjeta_05.png;;8 = ~ S| Con la mano derecha extendida apoyada en el pecho, realizar movimientos suaves de arriba hacia abajo.;
LSP-000963;verbos;cambiar;imagenes/verbos/revisar_pagina_158_tarjeta_06.png;;cf i) ( SZ CC y 1. Cruzar los pufios de ambas manos en posicién vertical. 2. Realizar un movimiento circular completo alternando los pufios.;
LSP-000964;verbos;caminar;imagenes/verbos/revisar_pagina_159_tarjeta_01.png;;Es Con los dedos indice y medio de la mano derecha simular la accidn de caminar sobre la palma de la mano izquierda.;Es Con los dedos indice y medio de la mano derecha simular la accidn de caminar sobre la palma de la mano izquierda.
LSP-000965;verbos;cantar;imagenes/verbos/revisar_pagina_159_tarjeta_02.png;;_, Xx bY ) ~ Llevar el pufio de la mano derecha a nivel de la boca yrealizarlaaccién de cantar. Lo SS;
LSP-000966;verbos;castigar;imagenes/verbos/revisar_pagina_159_tarjeta_03.png;;“—~ oa | C N =n Con la mano derecha en posici6n vertical, realizar un movimiento enérgico hacia abajo. >;
LSP-000967;verbos;cerrar;imagenes/verbos/revisar_pagina_159_tarjeta_04.png;;CERRAR Q@ @ uu - 1. Manos abiertas extendidas y separadas. 2. Realizar movimiento semicircular juntando las palmas.;
LSP-000968;verbos;chocar;imagenes/verbos/revisar_pagina_159_tarjeta_05.png;;C J)! XN XN Con ambos pufios ejecutar la accién de golpear .;
LSP-000969;verbos;clavar;imagenes/verbos/revisar_pagina_159_tarjeta_06.png;;CLAVAR )\ , a ~ ry ) i — Con ambas manos realizar accion de clavar un clavo.;
LSP-000970;verbos;cobrar;imagenes/verbos/revisar_pagina_160_tarjeta_01.png;;‘7 ~ \' N \ “ ~ Lf Realizar movimientos contactando las yemas de los dedos pulgar, indice y medio de la mano derecha, apoyandola sobre la palma de la mano izquierda.;
LSP-000971;verbos;cocinar;imagenes/verbos/revisar_pagina_160_tarjeta_02.png;;oN ss. 2? x ~« Con el pufio de la mano derecha realizar movimientos circulares sobre la mano izquierda semiflexionada.;
LSP-000972;verbos;coger;imagenes/verbos/revisar_pagina_160_tarjeta_03.png;;sS J | Con la mano derecha extendida hacer un movimiento hacia atras y cerrarla.;
LSP-000973;verbos;colgar;imagenes/verbos/revisar_pagina_160_tarjeta_04.png;;¢ SN ) ‘ Sobre el dedo indice y medio de la mano izquierda superponer el indice delamano derecha, en forma de ungancho.;
LSP-000974;verbos;comer;imagenes/verbos/revisar_pagina_160_tarjeta_05.png;;Juntar las yema de los dedos y llevarlas hacia la boca.;
LSP-000975;verbos;comprar;imagenes/verbos/revisar_pagina_160_tarjeta_06.png;;1. Sobre la palma de la mano izquierda extendida, colocar la mano derecha formando pufo. 2. Desde esta posicion realizar un movimiento hacia afuera extendiendo la mano.;
LSP-000976;verbos;comprender;imagenes/verbos/revisar_pagina_161_tarjeta_01.png;;COMPRENDER Con los dedos pulgar e indice de la mano derecha, hacer un movimiento separandolos a la altura de la sien.;
LSP-000977;verbos;confesar;imagenes/verbos/revisar_pagina_161_tarjeta_02.png;;by NN oy | Llevar ambas manos con los dedos juntos, a ambos lados de la boca.;
LSP-000978;verbos;conocer;imagenes/verbos/revisar_pagina_161_tarjeta_03.png;;LQ dO $A — —wy Llevar el indice derecho hacia el ojo derecho, con movimientos suaves de adentro hacia fuera.;
LSP-000979;verbos;continuar;imagenes/verbos/revisar_pagina_161_tarjeta_04.png;;Juntar los pulgares de ambas manos, los demas dedos flexionados. Desde esta posicién efectuar un movimiento hacia adelante.;
LSP-000980;verbos;copiar;imagenes/verbos/revisar_pagina_161_tarjeta_05.png;;@ 0) 1. Colocar la palma de la mano derecha_ sobre la izquierda extendida. 2. Deslizar la mano derecha y levantarla hacia arriba.;
LSP-000981;verbos;cortar;imagenes/verbos/revisar_pagina_161_tarjeta_06.png;;0) 4 ~) _— @ dd ~ ) 1. Colocar la mano derecha hacia adelante con los dedos indice y medio extendidos y separados. 2. Adelantar un poco la posicion de la mano y juntar ambos dedos simultaneamente.;
LSP-000982;verbos;coser;imagenes/verbos/revisar_pagina_162_tarjeta_01.png;;Unir la yema de los dedos indice y pulgar de la mano derecha, apoyarlos sobre la palma de la mano izquierda y realizar un movimiento semicircular hacia arriba.;Unir la yema de los dedos indice y pulgar de la mano derecha, apoyarlos sobre la palma de la mano izquierda y realizar un movimiento semicircular hacia arriba.
LSP-000983;verbos;crecer;imagenes/verbos/revisar_pagina_162_tarjeta_02.png;;Colocar la mano derecha extendida en posicion horizontal a la altura del ojo, llevarla hacia arriba.;Colocar la mano derecha extendida en posicion horizontal a la altura del ojo, llevarla hacia arriba.
LSP-000984;verbos;creer;imagenes/verbos/revisar_pagina_162_tarjeta_03.png;;0) (( 2 = @ 1. Llevar indice de la mano derecha ala frente. 2. Conun movimiento hacia abajo configurar “F” ala altura del tronco.;
LSP-000985;verbos;cruzar;imagenes/verbos/revisar_pagina_162_tarjeta_04.png;;@ bp (Ps SF 1. Colocar la mano izquierda horizontal y en posici6n inclinada. 2. Con la mano derecha en igual posicién cruzar por encima de la mano izquierda describiendo un movimiento semicircular.;
LSP-000986;verbos;curiosear;imagenes/verbos/revisar_pagina_162_tarjeta_05.png;;CURIOSEAR = => wan oe M27 yt Apoyar los dedos indice y medio de la mano derecha semiflexionados debajo de los ojos, y hacer un movimiento de izquierda a derecha, sin cambiar el punto de apoyo.;
LSP-000987;verbos;dar;imagenes/verbos/revisar_pagina_162_tarjeta_06.png;;Dirigir el pufio de la mano derecha, hacia adelante, abriendo la mano, quedando la palma hacia arriba.;
LSP-000988;verbos;decir;imagenes/verbos/revisar_pagina_163_tarjeta_01.png;;~ ES Apoyar el indice derecho debajo de labio inferior, los demas dedos flexionados y realizar un movimiento semicircular hacia adelante.;
LSP-000989;verbos;dejar;imagenes/verbos/revisar_pagina_163_tarjeta_02.png;;Con ambas manos a la altura del pecho, realizar un movimiento contundente hacia abajo. Lo SS;
LSP-000990;verbos;despertar;imagenes/verbos/revisar_pagina_163_tarjeta_03.png;;yy, S iP Or QRQ> Llevar a los ojos ambas manos con las yemas del indice y pulgar juntas. Con un movimiento simultaneo abrir los dedos sefalados. >;
LSP-000991;verbos;dibujar;imagenes/verbos/revisar_pagina_163_tarjeta_04.png;;DIBUJAR &, vou n oF i as, 7\ XO DU d Con indice extendido de la mano derecha, realizar sobre la mano izquierda un movimiento ondulatorio hacia abajo.;
LSP-000992;verbos;dialogar;imagenes/verbos/revisar_pagina_163_tarjeta_05.png;;". ; ¥ a Ce iQ ¢ Con ambos indices extendidos a la altura de los labios, realizar movimientos hacia delante y atras alternando las manos.";
LSP-000993;verbos;doler;imagenes/verbos/revisar_pagina_163_tarjeta_06.png;;Colocar la mano derecha con las yemas de los dedos pulgar y medio unidas. Separar los dedos con movimiento simultaneo acompafiando con expresion de dolor.;Colocar la mano derecha con las yemas de los dedos pulgar y medio unidas. Separar los dedos con movimiento simultaneo acompafiando con expresion de dolor.
LSP-000994;verbos;dormir;imagenes/verbos/revisar_pagina_164_tarjeta_01.png;;DORMIR TY P) \ ay | TZ Apoyar la mejilla derecha sobre las manos unidas.;
LSP-000995;verbos;empezar;imagenes/verbos/revisar_pagina_164_tarjeta_02.png;;Colocar el indice de la mano derecha entre los dedos indice y medio de la mano izquierda y hacer un movimiento de rotaci6n.;Colocar el indice de la mano derecha entre los dedos indice y medio de la mano izquierda y hacer un movimiento de rotaci6n.
LSP-000996;verbos;empujar;imagenes/verbos/revisar_pagina_164_tarjeta_03.png;;\ wie, ] eis ! Paw \ess Need *~,) oxy “-_, Con ambas manos extendidas y la palma hacia afuera, en posicion vertical, realizar un movimiento hacia adelante. (Accién de empujar).;
LSP-000997;verbos;enseñar;imagenes/verbos/revisar_pagina_164_tarjeta_04.png;;») % ¢ 4 Mano izquierda con los dedos flexionados excepto el pulgar en posici6n horizontal. Con el indice derecho semiflexionado los demas dedos flexionados, realizar pequefhos movimientos contactando la mufeca derecha con el borde radial dela mano izquierda.;
LSP-000998;verbos;entrar;imagenes/verbos/revisar_pagina_164_tarjeta_05.png;;Colocar la mano izquierda semiflexionada en posicion horizontal. La mano derecha pasa por debajo de la mano izquierda.;Colocar la mano izquierda semiflexionada en posicion horizontal. La mano derecha pasa por debajo de la mano izquierda.
LSP-000999;verbos;envolver;imagenes/verbos/revisar_pagina_164_tarjeta_06.png;;"ENVOLVER a (an) ES —=* y y —I1 1 A a ul Bowl ¥ a \"" Con ambas manos en posicion horizontal realizar un movimiento de rotacion completa.";
LSP-001000;verbos;equivocar;imagenes/verbos/revisar_pagina_165_tarjeta_01.png;;EQUIVOCAR qe = ~~ S <— Con el mefiique y pulgar extendidos, los demas dedos flexionados dirigir la mano hacia la barbilla apoyandose en ella con movimientos suaves.;
LSP-001001;verbos;escoger;imagenes/verbos/revisar_pagina_165_tarjeta_02.png;;WN ‘ XV | Con las yemas de los dedos indice y pulgar de la mano derecha separados, dirigirlos hacia adelante y luego unirlos con un movimiento de abajo hacia arriba.;
LSP-001002;verbos;escribir;imagenes/verbos/revisar_pagina_165_tarjeta_03.png;;"SiN? ; Co Pa a \ > Uniendo las yemas de los dedos indice y pulgar, apoyarlos sobre la palma de la mano izquierda con movimiento lateral de izquierda a derecha.";
LSP-001003;verbos;escuchar;imagenes/verbos/revisar_pagina_165_tarjeta_04.png;;—— mw” , a — (C )) ——a \ Colocar la mano derecha con los dedos semiflexionados en el pabellén de la oreja.;
LSP-001004;verbos;esperar;imagenes/verbos/revisar_pagina_165_tarjeta_05.png;;"<i) l; oy y) La palma izquierda extendida a la altura del hombro, y la mano derecha con la palma hacia arriba, a la altura del pecho realizar movimientos alternados de los dedos en ambas manos.";
LSP-001005;verbos;explicar;imagenes/verbos/revisar_pagina_165_tarjeta_06.png;;AL = ww 7 —>=> Con los dedos indice y pulgar juntos de ambas manos, hacer pequefos movimientos hacia delante y hacia atras sin separar los dedos.;
LSP-001006;verbos;firmar;imagenes/verbos/revisar_pagina_166_tarjeta_01.png;;a a a a a a a a a a ) y )) Uniendo las yemas del indice y pulgar de la mano derecha, sobre la palma de la mano izquierda, hacer un movimiento semicircular hacia abajo.;
LSP-001007;verbos;fumar;imagenes/verbos/revisar_pagina_166_tarjeta_02.png;;a) Dirigir los dedos indice y medio de la mano derecha hacia la boca y realizar movimientos hacia adelante sin separar los dedos.;a) Dirigir los dedos indice y medio de la mano derecha hacia la boca y realizar movimientos hacia adelante sin separar los dedos.
LSP-001008;verbos;ganar;imagenes/verbos/revisar_pagina_166_tarjeta_03.png;;——— -—_—«-€ wn <> (h \4 — ! \ — Con pulgar de la mano derecha extendido en posicién vertical realizar un movimiento circular hacia arriba.;
LSP-001009;verbos;gastar;imagenes/verbos/revisar_pagina_166_tarjeta_04.png;;@ SCT 1.Apoyar la mano derecha con los dedos flexionados excepto el pulgar, sobre la palma izquierda extendida. 2. Llevar la mano derecha hacia afuera describiendo un semicirculo.;
LSP-001010;verbos;golpear;imagenes/verbos/revisar_pagina_166_tarjeta_05.png;;GOLPEAR ‘ utr 3 SIN TA >) N ) Con el pufio de la mano derecha, golpear sobre la palma dela mano izquierda.;
LSP-001011;verbos;guardar;imagenes/verbos/revisar_pagina_166_tarjeta_06.png;;GUARDAR =._— . . AS VN . \\ \. \ AN ——— COD) I ‘ @ iD > S Colocar ambas manos extendidas con las palmas hacia abajo. Pasar la mano derecha por debajo de la palma izquierda.;
LSP-001012;verbos;gustar;imagenes/verbos/revisar_pagina_167_tarjeta_01.png;;wy Con los dedos pulgar e indice de la mano derecha en el cuello, realizar movimientos suaves hacia adelante.;
LSP-001013;verbos;intercambiar;imagenes/verbos/revisar_pagina_167_tarjeta_02.png;;"INTERCAMBIAR o> <-""s, ¢ 1. Con los dedos indices extendidos ,los demas dedos flexionados en la palma. Ambas manos separadas mostrando el dorso. 2. Realizar movimientos semicirculares cruzando las manos.";
LSP-001014;verbos;inventar;imagenes/verbos/revisar_pagina_167_tarjeta_03.png;;— Q) Q Colocar a la altura de la frente la mano derecha con el pulgar flexionado sobre la palma y los demas dedos extendidos. Desde esta posicién realizar un movimiento semicircular hacia adelante. >;
LSP-001015;verbos;jugar;imagenes/verbos/revisar_pagina_167_tarjeta_04.png;;Con los dedos pulgar y mefique extendidos, los demas dedos flexionados sobre la palma en ambas manos, realizar movimientos alternados subiendo y bajando.;
LSP-001016;verbos;lavar;imagenes/verbos/revisar_pagina_167_tarjeta_05.png;;LAVAR Con los dedos flexionados, excepto los pulgares efectuar movimientos de fricci6n con ambas manos a nivel de la segunda y tercera falanges de los dedos.;
LSP-001017;verbos;leer;imagenes/verbos/revisar_pagina_167_tarjeta_06.png;;@ Colocar las yemas de los dedos indice y medio de la mano derecha separados en la palma de la mano izquierda, y realizar movimientos de izquierda a derecha.;
LSP-001018;verbos;limpiar;imagenes/verbos/revisar_pagina_168_tarjeta_01.png;;~ cw \ \ Sy @ Con los dedos flexionados excepto el pulgar de la mano derecha, realizar movimientos circulares.;
LSP-001019;verbos;llegar;imagenes/verbos/revisar_pagina_168_tarjeta_02.png;;eS, S \ a Breil 1. Dedo indice de la mano derecha en posicién vertical. 2. Realizar movimiento hacia la izquierda quedando el dedo indice hacia abajo.;
LSP-001020;verbos;llevar;imagenes/verbos/revisar_pagina_168_tarjeta_03.png;;ed Palmas de ambas manos dirigidas hacia arriba en posicién horizontal realizar un movimiento coordinado hacia la derecha.;
LSP-001021;verbos;llorar;imagenes/verbos/revisar_pagina_168_tarjeta_04.png;;LLORAR /E Con el dedo indice flexionado contactando con el pulgar extendido y los demas dedos flexionados sobre la palma, a la altura del ojo derecho, realizar un movimiento pequefio hacia abajo en la mejilla. Acompafniar con la expresion.;
LSP-001022;verbos;llover;imagenes/verbos/revisar_pagina_168_tarjeta_05.png;;A Colocar la mano derecha con la palma hacia abajo, los dedos semiflexionados y separados, efectuar movimientos cortos de arriba-abajo.;
LSP-001023;verbos;mandar;imagenes/verbos/revisar_pagina_168_tarjeta_06.png;;| eo 7 a re | © Llevar el dedo indice extendido de la mano derecha hacia el hombro izquierdo y bajarlo enérgicamente hacia la derecha.;
LSP-001024;verbos;manejar;imagenes/verbos/revisar_pagina_169_tarjeta_01.png;;otter o Ss SS q\ © ¢ Se PS See e* Con ambas manos separadas en pufo realizar movimientos circulares.;
LSP-001025;verbos;marearse;imagenes/verbos/revisar_pagina_169_tarjeta_02.png;;MAREARSE “Oy f , LN ~ Llevar el indice de la mano derecha hacia la frente con pequefio movimiento circular. Lo SS;
LSP-001026;verbos;medir;imagenes/verbos/revisar_pagina_169_tarjeta_03.png;;) o™ ~ = Unir las yemas de los dedos indice y pulgar de ambas manos, los otros dedos flexionados sobre la palma y separar las manos hacia los lados. >;
LSP-001027;verbos;memorizar;imagenes/verbos/revisar_pagina_169_tarjeta_04.png;;MEMORIZAR as Llevar el pulgar de la mano derecha hacia la sien derecha y ejecutar un movimiento semicircular.;
LSP-001028;verbos;montar;imagenes/verbos/revisar_pagina_169_tarjeta_05.png;;\L Superponer los dedos medio e indice extendidos y separados de la mano derecha sobre los dedos indice, medio, anular y mefique de la mano izquierda extendida.;
LSP-001029;verbos;morder;imagenes/verbos/revisar_pagina_169_tarjeta_06.png;;MORDER 4 nt a (Y) — ~ g-l | / @ ot 5 Con la mano derecha semiflexionada coger una porcion del borde radial de la mano derecha.;
LSP-001030;verbos;morir;imagenes/verbos/revisar_pagina_170_tarjeta_01.png;;® a4 yy ’ Ve >D{K\E ° \ G 1. Ambas manos en posicién horizontal, mano derecha mostrando la palma y la izquierda el dorso. 2. Girar ambas manos a la altura de las mufecas invirtiendo la posicion descrita.;
LSP-001031;verbos;multiplicar;imagenes/verbos/revisar_pagina_170_tarjeta_02.png;;Cruzar ambos dedos indices formando una “X”.;
LSP-001032;verbos;nacer;imagenes/verbos/revisar_pagina_170_tarjeta_03.png;;Con ambas manos en posicion vertical y paralelas a la altura del vientre, realizar un movimiento pequeho hacia abajo y hacia adelante.;Con ambas manos en posicion vertical y paralelas a la altura del vientre, realizar un movimiento pequeho hacia abajo y hacia adelante.
LSP-001033;verbos;necesitar;imagenes/verbos/revisar_pagina_170_tarjeta_04.png;;“ : aN a Con el dedo indice semiflexionado, los demas dedos flexionados sobre la palma, ejecutar un rapido movimiento hacia adelante a nivel de la mufieca.;
LSP-001034;verbos;obedecer;imagenes/verbos/revisar_pagina_170_tarjeta_05.png;;1. Llevar a la frente las dos manos con los dedos juntos. 2. Bajar ambas manos con movimiento simultaneo, quedando las palmas hacia arriba.;1. Llevar a la frente las dos manos con los dedos juntos. 2. Bajar ambas manos con movimiento simultaneo, quedando las palmas hacia arriba.
LSP-001035;verbos;obligar;imagenes/verbos/revisar_pagina_170_tarjeta_06.png;;OBLIGAR ——> : N“ Ss y) ——S Colocar ambas manos, con los dedos flexionados excepto el pulgar. Ejecutar con fuerza un movimiento hacia adelante.;
LSP-001036;verbos;perseguir;imagenes/verbos/revisar_pagina_171_tarjeta_01.png;;——S> — SY t) Con ambas manos con dedos flexionados excepto el pulgar que va extendido, la mano izquierda delante de la derecha, avanzar coordinadamente hacia adelante.;
LSP-001037;verbos;perdonar;imagenes/verbos/revisar_pagina_171_tarjeta_02.png;;“a Los indice, medio, anular y mefiique de la mano derecha haciendo contacto con los mismos dedos de la izquierda a nivel de las yemas, realizar movimientos suaves hacia la derecha.;
LSP-001038;verbos;pintar;imagenes/verbos/revisar_pagina_171_tarjeta_03.png;;0 jon 4 vill ! / / ) ' to : y) i) u ‘ J | j / ) | 4 . “| ry Con la mano derecha extendida en posici6n vertical con la palma hacia afuera, realizar movimientos hacia abajo y hacia arriba.;
LSP-001039;verbos;planchar;imagenes/verbos/revisar_pagina_171_tarjeta_04.png;;Con los dedos flexionados de la mano derecha excepto el pulgar, sobre palma de la mano izquierda, realizar movimientos de izquierda a derecha.;Con los dedos flexionados de la mano derecha excepto el pulgar, sobre palma de la mano izquierda, realizar movimientos de izquierda a derecha.
LSP-001040;verbos;practicar;imagenes/verbos/revisar_pagina_171_tarjeta_05.png;;PRACTICAR YN Frotar el dedo indice izquierdo extendido en posicién horizontal, con los dedos flexionados de la mano derecha excepto el pulgar con movimientos de izquierda a derecha.;
LSP-001041;verbos;querer;imagenes/verbos/revisar_pagina_171_tarjeta_06.png;;— y a ’ Colocar los brazos extendidos hacia adelante con las palmas hacia arriba y los dedos semiflexionados y realizar un movimiento hacia el tronco flexionando ambos brazos.;
LSP-001042;verbos;observar;imagenes/verbos/revisar_pagina_172_tarjeta_01.png;;OBSERVAR | ~ Colocar los dedos indice y medio a la altura de los ojos y efectuar un movimiento hacia adelante.;
LSP-001043;verbos;olvidar;imagenes/verbos/revisar_pagina_172_tarjeta_02.png;;A) a) v4 <4 28 v! =p —, s a a Ue. ° > =—_ Apoyando la yemas de los dedos de la mano derecha sobre la frente, realizar un movimiento de izquierda a derecha.;
LSP-001044;verbos;operar;imagenes/verbos/revisar_pagina_172_tarjeta_03.png;;, ) e y ,¢@ Dedo pulgar de la mano derecha sobre palma dela mano izquierda, realizar movimiento perpendicular de arriba hacia abajo.;
LSP-001045;verbos;ordenar;imagenes/verbos/revisar_pagina_172_tarjeta_04.png;;ORDENAR kev | Con las palmas paralelas y en posicién vertical realizar movimientos de izquierda a derecha.;
LSP-001046;verbos;pensar;imagenes/verbos/revisar_pagina_172_tarjeta_05.png;;Apoyar el dedo indice en la frente, con pequefios movimientos circulares.;Apoyar el dedo indice en la frente, con pequefios movimientos circulares.
LSP-001047;verbos;perder;imagenes/verbos/revisar_pagina_172_tarjeta_06.png;;[PERDER] (ley * ~ B. a => A. Y IE Tiene dos acepciones: Sefia A: Llevar el indice de la mano derecha al cuello y realizar un movimiento enérgico hacia abajo quedando la mano extendida. SefiaB: Con la cara palmar de las manos hacia arriba, y uniendo la yema de los dedos, realizar un movimiento hacia abajo soltando los dedos y separandolos.;
LSP-001048;verbos;quitar;imagenes/verbos/revisar_pagina_173_tarjeta_01.png;;Con la mano derecha extendida con la palma hacia abajo y en posicién horizontal, realizar un movimiento enérgico hacia arriba cerrando la mano. J;Con la mano derecha extendida con la palma hacia abajo y en posicién horizontal, realizar un movimiento enérgico hacia arriba cerrando la mano. J
LSP-001049;verbos;recordar;imagenes/verbos/revisar_pagina_173_tarjeta_02.png;;® (f fey worn io Pp dl ( ES 1. Apoyar el dedo pulgar de la mano derecha a la altura de la sien, los demas dedos flexionados sobre la palma. 2. Conun movimiento recto llevar la yema del pulgar derecho sobre la ufia del pulgar de la mano izquierda.;
LSP-001050;verbos;resbalar;imagenes/verbos/revisar_pagina_173_tarjeta_03.png;;RESBALAR Sa 1] Sobre la palma extendida de la mano izquierda deslizar en direccién alos dedos, la cara dorsal dela mano derecha cuyos dedos indice y medio estan extendidos, mientras los demas dedos se encuentran flexionados.;
LSP-001051;verbos;respetar;imagenes/verbos/revisar_pagina_173_tarjeta_04.png;;RESPETAR oe a @ =, Fa\ w (ON Ll — a \\ ) @ 1. Cruzarlos dedos indice y medio de ambas manos y llevarlos ala altura de la sien. 2. Desde esa posicién bajar ambas manos hacia adelante.;
LSP-001052;verbos;respirar;imagenes/verbos/revisar_pagina_173_tarjeta_05.png;;—: — > GB =e=_yp Colocar la mano derecha extendida delante de las fosas nasales, hacer un movimiento hacia arriba.;
LSP-001053;verbos;rezar;imagenes/verbos/revisar_pagina_173_tarjeta_06.png;;ha - 4 At = \ Con ambas manos juntas efectuar un movimiento suave de adentro hacia afuera.;
LSP-001054;verbos;robar;imagenes/verbos/revisar_pagina_174_tarjeta_01.png;;Configurar “R” con la mano derecha y realizar un movimiento semicircular hacia la izquierda.;
LSP-001055;verbos;romper;imagenes/verbos/revisar_pagina_174_tarjeta_02.png;;OA —-@ (7, \\ Ld \ vy \ ( ( ' ~ C : 1. Unir los pufios de ambas manos en posicién horizontal. 2. Separarlos girando las mufiecas con movimiento hacia los lados.;
LSP-001056;verbos;saber;imagenes/verbos/revisar_pagina_174_tarjeta_03.png;;= Ja 3 = 7 Llevar la palma de la mano derecha hacia la cabeza con pequefios movimientos hacia afuera.;
LSP-001057;verbos;salir;imagenes/verbos/revisar_pagina_174_tarjeta_04.png;;1. Colocar la mano derecha debajo de la palma izquierda. 2. Sacar la mano derecha con movimiento enérgico hacia atras.;1. Colocar la mano derecha debajo de la palma izquierda. 2. Sacar la mano derecha con movimiento enérgico hacia atras.
LSP-001058;verbos;saltar;imagenes/verbos/revisar_pagina_174_tarjeta_05.png;;a Con los dedos indice y medio de la mano derecha sobre palma de la mano izquierda, realizar movimientos (saltos) de abajo hacia arriba.;
LSP-001059;verbos;saludar;imagenes/verbos/revisar_pagina_174_tarjeta_06.png;;(gu 7 le in vy = Llevar hacia el lado derecho de la frente la mano con cuatro dedos extendidos y el pulgar flexionado hacia la palma y ejecutar un movimiento hacia adelante.;
LSP-001060;verbos;sentarse;imagenes/verbos/revisar_pagina_175_tarjeta_01.png;;ING Superponer los dedos indice y medio de la mano derecha sobre los mismos dedos de la mano izquierda, con un pequeho movimiento al hacer contacto.;
LSP-001061;verbos;sentir;imagenes/verbos/revisar_pagina_175_tarjeta_02.png;;— Le Z Llevar el dedo medio de la mano derecha a la altura % del pecho, los demas dedos extendidos y separados y realizar movimiento de adentro hacia afuera. Lo SS;
LSP-001062;verbos;separar;imagenes/verbos/revisar_pagina_175_tarjeta_03.png;;eT ‘ ‘ ws A.Colocar ambas manos con los dedos semiflexionados, frente a frente, realizar un movimiento de separaci6n de ambas. B. Colocar los dedos de ambas manos hacia abajo, separarlos con un movimiento.;
LSP-001063;verbos;servir;imagenes/verbos/revisar_pagina_175_tarjeta_04.png;;—_- LJ ~wT eR ° 4 < Con las palmas de ambas manos hacia arriba, ejecutar movimientos alternados hacia adelante y hacia atras.;
LSP-001064;verbos;significar;imagenes/verbos/revisar_pagina_175_tarjeta_05.png;;iS us \ \\ Le) . Se Apoyar los dedos indice y medio invertidos sobre la palma de la mano izquierda y realizar un movimiento giratorio completo.;
LSP-001065;verbos;sonreír;imagenes/verbos/revisar_pagina_175_tarjeta_06.png;;Llevar el dedo indice al lado derecho del labio superior y hacer un ligero movimiento hacia la derecha acompafiando con la expresi6n.;Llevar el dedo indice al lado derecho del labio superior y hacer un ligero movimiento hacia la derecha acompafiando con la expresi6n.
LSP-001066;verbos;soñar;imagenes/verbos/revisar_pagina_176_tarjeta_01.png;;= ™ mm N Apoyar el dedo indice de la mano derecha en la frente, realizar movimiento ondulatorio hacia adelante.;
LSP-001067;verbos;subir;imagenes/verbos/revisar_pagina_176_tarjeta_02.png;;—]* T= Colocar sobre el dorso de la mano izquierda los dedos indice y medio de la mano derecha, recorrer con movimientos hacia arriba.;
LSP-001068;verbos;sufrir;imagenes/verbos/revisar_pagina_176_tarjeta_03.png;;() ’ OY, /S aN Con los pulgares extendidos de ambas manos a la altura del corazon, realizar movimientos pequefios, acompanados de expresi6n de pena.;
LSP-001069;verbos;telefonear;imagenes/verbos/revisar_pagina_176_tarjeta_04.png;;EN a, BD 5 D- - — Colocar el dedo pulgar de la mano derecha en la oreja y el mefiique ala altura de los labios.;
LSP-001070;verbos;terminar;imagenes/verbos/revisar_pagina_176_tarjeta_05.png;;am ~ =_— ~ ~ Cruzar las manos extendidas en posici6n horizontal con las palmas hacia abajo, y separarlas hacia los lados.;
LSP-001071;verbos;tirar;imagenes/verbos/revisar_pagina_176_tarjeta_06.png;;GQ > Con el pufio de la mano derecha en posici6n vertical realizar un movimiento enérgico hacia adelante extendiendo la mano.;
LSP-001072;verbos;visitar;imagenes/verbos/revisar_pagina_177_tarjeta_01.png;;"a , nd On A ; iv v A yl o M wy aes \ Con los dedos indice y medio extendidos y separados de ambas manos, con el dorso hacia |/ afuera realizar movimientos independientes circulares hacia afuera.";
LSP-001073;verbos;vivir;imagenes/verbos/revisar_pagina_177_tarjeta_02.png;;Colocar los dedos flexionados de ambas manos excepto el pulgar a la altura del pecho. Desde esta posicion realizar un movimiento simultaneo de ambas manos hacia arriba. (;Colocar los dedos flexionados de ambas manos excepto el pulgar a la altura del pecho. Desde esta posicion realizar un movimiento simultaneo de ambas manos hacia arriba. (
LSP-001074;verbos;volar;imagenes/verbos/revisar_pagina_177_tarjeta_03.png;;, ( ’ Cos “4 o — a: — 2 —_ vl Ambos brazos flexionados a la altura del codo, las palmas hacia abajo, realizar movimiento de aletear con ambas manos.;
LSP-001075;verbos;votar;imagenes/verbos/revisar_pagina_177_tarjeta_04.png;;S. Introducir los dedos indice, medio, anular y mefique de la mano derecha, dentro de la mano izquierda semiflexionada.;
LSP-900001;padre_nuestro;Parte 01;imagenes/padre_nuestro/padre_nuestro_01.png;;a DL Sos aD) RY a;
LSP-900002;padre_nuestro;Parte 02;imagenes/padre_nuestro/padre_nuestro_02.png;;aU AY AK E> GBF ey WV ? i;
LSP-900003;padre_nuestro;Parte 03;imagenes/padre_nuestro/padre_nuestro_03.png;;"REIN e 5, e) y Vv; Vm x i";
LSP-900004;padre_nuestro;Parte 04;imagenes/padre_nuestro/padre_nuestro_04.png;;7}, & 8 Nd J ih See ee? V7;
LSP-900005;padre_nuestro;Parte 05;imagenes/padre_nuestro/padre_nuestro_05.png;;Asl EN LA TIERRA ® N RES — 3 : ) ieee @ sok?;
LSP-900006;padre_nuestro;Parte 06;imagenes/padre_nuestro/padre_nuestro_06.png;;COMO EN EL CIELO \& C i \ = S ® \;
LSP-900007;padre_nuestro;Parte 07;imagenes/padre_nuestro/padre_nuestro_07.png;;~ eS ( ont et jae z \ /;
LSP-900008;padre_nuestro;Parte 08;imagenes/padre_nuestro/padre_nuestro_08.png;;Y PERDONA NUESTRAS OFENSAS OS;
LSP-900009;padre_nuestro;Parte 09;imagenes/padre_nuestro/padre_nuestro_09.png;;NE NA;
LSP-900010;padre_nuestro;Parte 10;imagenes/padre_nuestro/padre_nuestro_10.png;;-: Ee as;
LSP-900011;padre_nuestro;Parte 11;imagenes/padre_nuestro/padre_nuestro_11.png;;07:00;
LSP-900012;padre_nuestro;Parte 12;imagenes/padre_nuestro/padre_nuestro_12.png;;8;
LSP-900013;padre_nuestro;Parte 13;imagenes/padre_nuestro/padre_nuestro_13.png;;"Y LIBRANOS DEL MAL A eo ~ Ae “A ; 6 ere ata :";
LSP-900014;padre_nuestro;Parte 14;imagenes/padre_nuestro/padre_nuestro_14.png;;| aa;
LSP-910001;ave_maria;Parte 01;imagenes/ave_maria/ave_maria_01.png;;Iss & &;
LSP-910002;ave_maria;Parte 02;imagenes/ave_maria/ave_maria_02.png;;"oN KA ; ‘";
LSP-910003;ave_maria;Parte 03;imagenes/ave_maria/ave_maria_03.png;;"ye. De A ; <f aS - = \";
LSP-910004;ave_maria;Parte 04;imagenes/ave_maria/ave_maria_04.png;;Y BLY;
LSP-910005;ave_maria;Parte 05;imagenes/ave_maria/ave_maria_05.png;;ENTRE TODAS LAS MUJERES NA wh,;
LSP-910006;ave_maria;Parte 06;imagenes/ave_maria/ave_maria_06.png;;Y BENDITO ES EL FRUTO t){ 4) at pa ) | “ SS Ah DY, Y Wet DD 7 8 r A;
LSP-910007;ave_maria;Parte 07;imagenes/ave_maria/ave_maria_07.png;;1 ee oo) A i—\\ S .. a.;
LSP-910008;ave_maria;Parte 08;imagenes/ave_maria/ave_maria_08.png;;OY Cag;
LSP-910009;ave_maria;Parte 09;imagenes/ave_maria/ave_maria_09.png;;— A;
LSP-910010;ave_maria;Parte 10;imagenes/ave_maria/ave_maria_10.png;;one axe ity a KS nn) GQ ape QS;
LSP-910011;ave_maria;Parte 11;imagenes/ave_maria/ave_maria_11.png;;| ae;
LSP-920001;himno_nacional;Parte 01;imagenes/himno_nacional/himno_nacional_01.png;;Py S We ten ay <---> aa |;
LSP-920002;himno_nacional;Parte 02;imagenes/himno_nacional/himno_nacional_02.png;;ANTES NIEGUE _ SUS LUCES EL SOL tos ne;
LSP-920003;himno_nacional;Parte 03;imagenes/himno_nacional/himno_nacional_03.png;;is: , REM ad i ! ‘ WAN | = S x) (i;
LSP-920004;himno_nacional;Parte 04;imagenes/himno_nacional/himno_nacional_04.png;;A mw fm Bf we bd UN ft \ —;
LSP-920005;himno_nacional;Parte 05;imagenes/himno_nacional/himno_nacional_05.png;;é & eA;
LSP-920006;himno_nacional;Parte 06;imagenes/himno_nacional/himno_nacional_06.png;;LOS ANDES SOSTENGAN i. oe, T Sy -;
LSP-920007;himno_nacional;Parte 07;imagenes/himno_nacional/himno_nacional_07.png;;@;
LSP-920008;himno_nacional;Parte 08;imagenes/himno_nacional/himno_nacional_08.png;;eh QC, aAAG;
LSP-920009;himno_nacional;Parte 09;imagenes/himno_nacional/himno_nacional_09.png;;® 8 @ A ~ ey, BOAT &;
LSP-920010;himno_nacional;Parte 10;imagenes/himno_nacional/himno_nacional_10.png;;Y 3 oy ‘\ ww ~~) as v i! E>;
LSP-920011;himno_nacional;Parte 11;imagenes/himno_nacional/himno_nacional_11.png;;(=) /, ° [A 2 \aiene 7 * 2 (Ay Ss \P ( =;
LSP-920012;himno_nacional;Parte 12;imagenes/himno_nacional/himno_nacional_12.png;;": A An & gi ; g Ach je —l etl""GwN ! /";
